{
  "iou": 0.609486093378139,
  "dice": 0.6407194124566598,
  "accuracy": 0.8751498655708809,
  "samples": 1473.0
}